recording_id,dance,technical_score,rhythm_score,motion__left_knee_angle_deg__mean,motion__left_knee_angle_deg__std,motion__left_knee_angle_deg__p10,motion__left_knee_angle_deg__p90,motion__right_knee_angle_deg__mean,motion__right_knee_angle_deg__std,motion__right_knee_angle_deg__p10,motion__right_knee_angle_deg__p90,motion__knee_asymmetry_deg__mean,motion__knee_asymmetry_deg__std,motion__knee_asymmetry_deg__p10,motion__knee_asymmetry_deg__p90,motion__left_hip_angle_deg__mean,motion__left_hip_angle_deg__std,motion__left_hip_angle_deg__p10,motion__left_hip_angle_deg__p90,motion__right_hip_angle_deg__mean,motion__right_hip_angle_deg__std,motion__right_hip_angle_deg__p10,motion__right_hip_angle_deg__p90,motion__shoulder_tilt_deg__mean,motion__shoulder_tilt_deg__std,motion__shoulder_tilt_deg__p10,motion__shoulder_tilt_deg__p90,motion__pelvis_tilt_deg__mean,motion__pelvis_tilt_deg__std,motion__pelvis_tilt_deg__p10,motion__pelvis_tilt_deg__p90,motion__torso_lean_deg__mean,motion__torso_lean_deg__std,motion__torso_lean_deg__p10,motion__torso_lean_deg__p90,motion__pelvis_yaw_deg__mean,motion__pelvis_yaw_deg__std,motion__pelvis_yaw_deg__p10,motion__pelvis_yaw_deg__p90,motion__pelvis_rotation_speed_deg_s__mean,motion__pelvis_rotation_speed_deg_s__std,motion__pelvis_rotation_speed_deg_s__p10,motion__pelvis_rotation_speed_deg_s__p90,motion__left_ankle_speed_body_s__mean,motion__left_ankle_speed_body_s__std,motion__left_ankle_speed_body_s__p10,motion__left_ankle_speed_body_s__p90,motion__right_ankle_speed_body_s__mean,motion__right_ankle_speed_body_s__std,motion__right_ankle_speed_body_s__p10,motion__right_ankle_speed_body_s__p90,motion__left_wrist_speed_body_s__mean,motion__left_wrist_speed_body_s__std,motion__left_wrist_speed_body_s__p10,motion__left_wrist_speed_body_s__p90,motion__right_wrist_speed_body_s__mean,motion__right_wrist_speed_body_s__std,motion__right_wrist_speed_body_s__p10,motion__right_wrist_speed_body_s__p90,motion__center_speed_body_s__mean,motion__center_speed_body_s__std,motion__center_speed_body_s__p10,motion__center_speed_body_s__p90,motion__balance_offset_body__mean,motion__balance_offset_body__std,motion__balance_offset_body__p10,motion__balance_offset_body__p90,motion__step_width_body__mean,motion__step_width_body__std,motion__step_width_body__p10,motion__step_width_body__p90,motion__motion_intensity__mean,motion__motion_intensity__std,motion__motion_intensity__p10,motion__motion_intensity__p90,motion__motion_envelope__mean,motion__motion_envelope__std,motion__motion_envelope__p10,motion__motion_envelope__p90,motion__usable_frame_ratio,motion__dominant_motion_frequency_hz,audio__raw_tempo_bpm,audio__adjusted_tempo_bpm,audio__tempo_in_range,audio__synchronization_ratio,audio__mean_absolute_offset_seconds,audio__mean_signed_offset_seconds,audio__audio_rms_mean,dance__cha_cha,dance__rumba
v1,cha-cha,5.0,6.0,148.6580352783203,9.445497512817383,137.7901153564453,157.47866821289062,156.13230895996094,12.828560829162598,139.12278747558594,171.12599182128906,14.00657844543457,10.919509887695312,2.446242094039917,28.159215927124023,159.74313354492188,7.243634223937988,149.3553924560547,168.49156188964844,166.04229736328125,7.337312698364258,155.69924926757812,174.87094116210938,-0.2240728735923767,8.738936424255371,-7.77022123336792,7.059362411499023,-1.1946355104446411,6.460727214813232,-7.134174823760986,4.338097095489502,0.6157737970352173,4.621714115142822,-5.558676242828369,6.4620747566223145,-179.07298278808594,34.48927688598633,-205.89859008789062,-154.10134887695312,55.800689697265625,62.112327575683594,4.361395835876465,134.67953491210938,1.5656274557113647,1.2695791721343994,0.3633740246295929,3.445828914642334,1.410754919052124,1.042278528213501,0.39592018723487854,2.901289463043213,1.581128716468811,1.2787084579467773,0.41840630769729614,3.039656162261963,1.9016727209091187,1.8514896631240845,0.4261699914932251,3.9359002113342285,0.5963271856307983,0.4561353325843811,0.1124405711889267,1.2671921253204346,0.020457061007618904,0.12432890385389328,-0.1405135542154312,0.17771098017692566,0.4465879797935486,0.2733466923236847,0.14844027161598206,0.8304734230041504,1.8371129035949707,1.0906894207000732,0.6407214999198914,3.1820478439331055,1.3144944906234741,0.8238831758499146,0.4965973198413849,2.258129596710205,0.8822759985923767,0.8425721526145935,95.703125,95.703125,0.0,0.9436619877815247,0.11230344325304031,0.008152374997735023,0.027824217453598976,1.0,0.0
v2,cha-cha,6.0,8.0,148.29718017578125,18.08710479736328,124.84915161132812,166.69422912597656,137.5457305908203,22.665719985961914,105.13394927978516,162.94285583496094,19.502227783203125,18.32451057434082,2.5628724098205566,44.27644729614258,153.4804229736328,15.972429275512695,132.7239990234375,172.2686309814453,156.2686309814453,13.542850494384766,135.9354248046875,172.3208770751953,-1.3828438520431519,22.770673751831055,-30.32765769958496,18.741670608520508,5.070621490478516,24.98474884033203,-17.68234634399414,30.263322830200195,3.033513069152832,9.846677780151367,-8.27503776550293,12.346763610839844,-232.52439880371094,159.34478759765625,-474.8108215332031,-94.7100830078125,92.3014907836914,137.86929321289062,6.30216121673584,223.32742309570312,2.054908514022827,1.7188923358917236,0.5720610618591309,4.306976318359375,1.890273928642273,1.6257740259170532,0.5415880084037781,3.9651503562927246,3.996157169342041,3.3120555877685547,0.9255738258361816,8.76013469696045,3.35430645942688,2.9431889057159424,0.5065499544143677,7.810950756072998,0.7225937247276306,0.4764280915260315,0.19572970271110535,1.3450193405151367,-0.0027746933046728373,0.16293023526668549,-0.22484014928340912,0.19337458908557892,0.6036908030509949,0.2694094777107239,0.20300714671611786,0.9098949432373047,3.038166046142578,2.0350182056427,0.8576303124427795,5.913191318511963,2.372598886489868,1.4979733228683472,0.7078372240066528,4.477055072784424,0.9706704020500183,0.7331975698471069,172.265625,86.1328125,0.0,0.9777777791023254,0.10095268487930298,0.01674547791481018,0.06847704946994781,1.0,0.0
v3,cha-cha,5.0,5.0,149.70425415039062,16.49226951599121,126.56983947753906,169.9205780029297,150.1588134765625,15.175819396972656,129.33834838867188,167.68719482421875,15.897042274475098,14.495661735534668,2.2807207107543945,37.82957077026367,156.96421813964844,11.90318489074707,139.967529296875,170.9479522705078,161.392822265625,10.995321273803711,145.67446899414062,173.49417114257812,-1.793150544166565,13.448546409606934,-13.887350082397461,11.011860847473145,-0.31122443079948425,11.950357437133789,-10.086578369140625,10.105705261230469,1.037160038948059,7.229579448699951,-8.3107328414917,9.461212158203125,-436.2899475097656,264.51708984375,-845.7100219726562,-156.44175720214844,133.8848876953125,221.70997619628906,6.848776817321777,324.3072204589844,2.1418492794036865,1.6664724349975586,0.6062204837799072,4.308870315551758,2.081108808517456,1.6671401262283325,0.5117577910423279,4.344221115112305,4.011478424072266,2.531986713409424,1.181815266609192,7.445493221282959,3.8076767921447754,2.8210971355438232,0.7904043793678284,7.647916793823242,0.6770324110984802,0.5193629264831543,0.1727776974439621,1.432276964187622,0.01869337446987629,0.1752157211303711,-0.200545996427536,0.22105339169502258,0.5273817777633667,0.36152383685112,0.12481001764535904,1.0909459590911865,3.380795478820801,1.800951600074768,1.1131325960159302,5.627983093261719,2.1975510120391846,1.2941581010818481,0.7632466554641724,3.687706708908081,0.985595166683197,0.6838454008102417,123.046875,123.046875,1.0,0.9552238583564758,0.08634189516305923,-0.020779572427272797,0.07350848615169525,1.0,0.0
v4,cha-cha,4.0,7.0,152.7064208984375,15.3132963180542,132.74557495117188,167.4602508544922,151.86502075195312,20.492023468017578,128.89859008789062,170.85647583007812,17.6971378326416,19.39004135131836,1.9727752208709717,41.52217483520508,156.0318145751953,9.847171783447266,143.87533569335938,168.47525024414062,161.0343475341797,12.269835472106934,144.76028442382812,173.33255004882812,1.0279560089111328,19.158992767333984,-14.364531517028809,19.621665954589844,1.7643226385116577,15.846933364868164,-9.783711433410645,13.828166961669922,-2.8775808811187744,8.792339324951172,-13.011246681213379,7.279610633850098,26.513566970825195,274.5677185058594,-241.18153381347656,517.3662719726562,149.6505126953125,237.21011352539062,7.97557258605957,324.62823486328125,2.810197114944458,2.3760299682617188,0.5448886752128601,6.215099334716797,2.9595696926116943,2.628110647201538,0.5782078504562378,6.819946765899658,3.9336938858032227,2.979356288909912,0.86968594789505,7.640264511108398,4.375728607177734,3.469372510910034,0.9451798796653748,8.941802978515625,0.8098682165145874,0.6814717650413513,0.17450159788131714,1.7104730606079102,0.01729322224855423,0.165155291557312,-0.19819222390651703,0.21976666152477264,0.5559374690055847,0.41386160254478455,0.11576063185930252,1.16069495677948,3.9981849193573,2.2437713146209717,1.3429239988327026,6.695606231689453,2.751408815383911,1.5947151184082031,1.0338566303253174,4.55493688583374,0.8626585602760315,1.0748560428619385,123.046875,123.046875,1.0,0.9626168012619019,0.09311490505933762,-0.00676599470898509,0.07297951728105545,1.0,0.0
v5,cha-cha,2.0,5.0,152.3690185546875,16.455169677734375,130.47962951660156,169.87289428710938,150.743896484375,17.65665054321289,121.48436737060547,170.8549346923828,18.79521369934082,16.75560760498047,2.068603515625,43.9720573425293,162.73402404785156,8.83705997467041,151.39370727539062,173.55882263183594,164.92718505859375,8.987911224365234,152.29190063476562,174.92935180664062,0.19938266277313232,18.204307556152344,-12.472955703735352,14.267723083496094,0.18177928030490875,14.476203918457031,-8.954638481140137,11.955439567565918,0.5227409601211548,6.200387477874756,-6.482783794403076,7.5712714195251465,-416.9382019042969,257.35760498046875,-717.3360595703125,-122.0663070678711,101.78141021728516,162.64370727539062,5.096261501312256,251.27981567382812,2.181340217590332,1.6307830810546875,0.5767039656639099,4.215567111968994,2.062206506729126,1.5195177793502808,0.6031960844993591,3.9674789905548096,2.9116122722625732,2.3142218589782715,0.6100045442581177,6.17659854888916,2.6070871353149414,2.2370352745056152,0.4212244749069214,5.648430347442627,0.5412826538085938,0.43462035059928894,0.13065189123153687,1.0678625106811523,0.03479941561818123,0.14790336787700653,-0.15111631155014038,0.1925465315580368,0.35144031047821045,0.2684285342693329,0.05138515681028366,0.7410943508148193,2.7163174152374268,1.5643900632858276,0.957234799861908,4.767899513244629,1.8803032636642456,1.1910765171051025,0.667297899723053,3.347644329071045,0.9921811819076538,0.42368456721305847,151.99908447265625,151.99908447265625,0.0,0.9736841917037964,0.09431488066911697,0.003617570735514164,0.2848919630050659,1.0,0.0
v6,cha-cha,9.0,9.0,156.60455322265625,17.876310348510742,131.92388916015625,174.18894958496094,154.6931610107422,16.221044540405273,130.672119140625,170.72235107421875,14.189619064331055,15.427638053894043,1.214948296546936,31.326261520385742,157.45631408691406,16.61247444152832,137.54672241210938,173.23251342773438,157.6920928955078,15.487678527832031,136.45974731445312,172.57611083984375,5.876140594482422,27.864072799682617,-26.711284637451172,38.63319396972656,2.669161081314087,20.542160034179688,-13.907758712768555,17.98488998413086,-3.3660495281219482,13.58436393737793,-15.624061584472656,9.75772476196289,256.7112121582031,293.02252197265625,53.51353073120117,804.5621948242188,236.3280487060547,336.64117431640625,16.085140228271484,614.26171875,3.5058183670043945,3.1986138820648193,0.7515446543693542,7.677309513092041,3.3488543033599854,3.095332145690918,0.5988835096359253,7.695227146148682,3.588841676712036,2.7672531604766846,0.8870819807052612,7.16939115524292,3.3457350730895996,2.9850406646728516,0.8477447032928467,7.24414587020874,0.8503926992416382,0.5592303276062012,0.1836930811405182,1.6156855821609497,0.05549819767475128,0.22717756032943726,-0.2401724010705948,0.3427230715751648,0.5908911228179932,0.40919581055641174,0.09110783785581589,1.1651254892349243,3.861793279647827,2.663093328475952,1.286476492881775,7.2379045486450195,3.0330286026000977,2.312232255935669,0.9028594493865967,5.890625476837158,0.9819905161857605,0.2673267424106598,117.4538345336914,117.4538345336914,0.0,0.9375,0.08707702904939651,0.013696924783289433,0.09092845022678375,1.0,0.0
v7,cha-cha,2.0,7.0,148.36476135253906,16.475473403930664,126.67401885986328,164.7057647705078,148.41358947753906,19.537559509277344,126.82699584960938,165.4116973876953,17.531484603881836,19.156307220458984,1.5820801258087158,39.80961227416992,157.42320251464844,10.303118705749512,143.40492248535156,169.26254272460938,163.23826599121094,12.352951049804688,148.00096130371094,175.21734619140625,-1.2472279071807861,19.637279510498047,-15.822893142700195,16.355701446533203,-1.6801091432571411,12.134765625,-10.420327186584473,7.391612529754639,2.120487689971924,6.088504314422607,-5.741559982299805,9.599855422973633,626.4568481445312,936.3187866210938,-261.2273864746094,2000.11474609375,107.79866790771484,157.559814453125,6.699940204620361,252.38372802734375,2.1566789150238037,1.7763586044311523,0.518622636795044,4.40934419631958,2.1115760803222656,1.7360575199127197,0.5018173456192017,4.444601058959961,3.7469687461853027,2.6835262775421143,0.9631436467170715,7.201193809509277,3.7527945041656494,2.7065391540527344,0.9813053011894226,7.4261674880981445,0.5582119226455688,0.46318379044532776,0.12516623735427856,1.172532081604004,0.05237830802798271,0.1562483310699463,-0.1456434279680252,0.2610666751861572,0.551291823387146,0.34017032384872437,0.14172661304473877,1.0380947589874268,3.353393077850342,1.7966135740280151,1.3071244955062866,5.838570594787598,2.1984505653381348,1.2949274778366089,0.8086812496185303,3.9314606189727783,1.0,0.3737351596355438,123.046875,123.046875,1.0,0.9557521939277649,0.09704902023077011,-0.0011672585969790816,0.08731666207313538,1.0,0.0
v8,cha-cha,3.0,5.0,153.22119140625,7.797571182250977,144.84181213378906,161.1764373779297,154.25421142578125,8.370930671691895,145.53994750976562,162.20730590820312,7.332787036895752,6.081527233123779,1.043552279472351,16.189773559570312,160.91934204101562,10.136490821838379,147.68380737304688,173.01275634765625,169.39773559570312,7.491566181182861,162.20147705078125,175.75355529785156,-2.885348081588745,9.654409408569336,-11.21776008605957,6.339223861694336,0.308369517326355,5.919562339782715,-4.765183448791504,5.12313985824585,-0.5063573718070984,4.0568437576293945,-5.713651180267334,4.063758850097656,-142.6993408203125,96.33014678955078,-193.7349853515625,-114.27134704589844,61.10586166381836,92.30664825439453,2.3152637481689453,156.88487243652344,1.6586604118347168,2.2108988761901855,0.3724384307861328,3.2890465259552,1.4502493143081665,1.8143213987350464,0.34990766644477844,2.867682933807373,1.7661467790603638,1.8341995477676392,0.3153264820575714,4.217750549316406,2.238975763320923,2.4835081100463867,0.445048063993454,4.987037181854248,0.5244832038879395,0.7092028260231018,0.04621371626853943,1.3579373359680176,0.0023346650414168835,0.1016126200556755,-0.13380002975463867,0.1334201991558075,0.3902237117290497,0.2948276698589325,0.1221831738948822,0.9678183197975159,2.045863389968872,1.9002195596694946,0.6522092819213867,3.823925018310547,1.8193247318267822,2.0390877723693848,0.5812443494796753,3.7019925117492676,0.9885550737380981,0.7814761400222778,103.359375,103.359375,0.0,0.9210526347160339,0.10017460584640503,0.018009666353464127,0.11170076578855515,1.0,0.0
v9,cha-cha,4.0,3.0,144.95468139648438,11.056764602661133,131.02505493164062,155.54847717285156,148.66949462890625,10.302454948425293,136.4961700439453,158.70176696777344,10.825042724609375,10.45474624633789,0.9908445477485657,24.094470977783203,157.5619659423828,13.207240104675293,138.55357360839844,171.69403076171875,165.2580108642578,9.744911193847656,151.6652374267578,175.4319610595703,0.8059720396995544,9.537487983703613,-11.497834205627441,13.157917976379395,-0.0922863706946373,6.853829383850098,-9.130086898803711,8.14777660369873,0.25429078936576843,8.45494556427002,-8.527910232543945,11.439062118530273,-160.46360778808594,13.084973335266113,-175.04615783691406,-146.5080108642578,36.4285888671875,40.2470588684082,3.698981285095215,85.92422485351562,1.4249475002288818,1.0975587368011475,0.4378172755241394,2.449448585510254,1.5887843370437622,1.3176904916763306,0.44430381059646606,3.430539131164551,2.273237943649292,1.7421929836273193,0.6608642339706421,4.751669406890869,2.364654064178467,1.7293033599853516,0.7343333959579468,4.81592321395874,0.7357758283615112,0.609273374080658,0.15997888147830963,1.6132932901382446,0.020455844700336456,0.17633071541786194,-0.21582546830177307,0.2501874566078186,0.693751335144043,0.34044355154037476,0.2099718153476715,1.086685061454773,2.173377752304077,1.1491023302078247,0.9421122670173645,3.8378353118896484,1.394234299659729,0.8790309429168701,0.4608217179775238,2.574953079223633,0.844357967376709,1.843317985534668,117.4538345336914,117.4538345336914,0.0,0.9268292784690857,0.1112719401717186,-0.0017616281984373927,0.09345029294490814,1.0,0.0
